{
  "learned": {
    "42": {
      "clean_acc": 79.68,
      "fgsm_pe": {
        "0.001": 79.6,
        "0.005": 79.34,
        "0.01": 79.08,
        "0.05": 77.72,
        "0.1": 73.22,
        "0.2": 33.4,
        "0.5": 1.82,
        "1.0": 1.0
      },
      "pgd_pe": {
        "0.001": 79.6,
        "0.005": 79.26,
        "0.01": 78.9,
        "0.05": 76.08,
        "0.1": 68.52,
        "0.2": 1.58,
        "0.5": 1.22,
        "1.0": 1.06
      },
      "vta": {
        "0.001": 79.68,
        "0.005": 79.58,
        "0.01": 79.52,
        "0.05": 79.1,
        "0.1": 78.6,
        "0.2": 77.52,
        "0.5": 69.58,
        "1.0": 17.82
      },
      "variance_gini": 0.4555722768209367
    },
    "123": {
      "clean_acc": 79.9,
      "fgsm_pe": {
        "0.001": 79.78,
        "0.005": 79.44,
        "0.01": 79.3,
        "0.05": 77.4,
        "0.1": 73.38,
        "0.2": 30.92,
        "0.5": 2.34,
        "1.0": 1.58
      },
      "pgd_pe": {
        "0.001": 79.76,
        "0.005": 79.42,
        "0.01": 79.1,
        "0.05": 76.14,
        "0.1": 68.9,
        "0.2": 2.44,
        "0.5": 1.52,
        "1.0": 1.0
      },
      "vta": {
        "0.001": 79.9,
        "0.005": 79.76,
        "0.01": 79.72,
        "0.05": 79.18,
        "0.1": 78.6,
        "0.2": 77.3,
        "0.5": 67.62,
        "1.0": 14.7
      },
      "variance_gini": 0.4548192043556616
    },
    "456": {
      "clean_acc": 78.74,
      "fgsm_pe": {
        "0.001": 78.62,
        "0.005": 78.34,
        "0.01": 77.98,
        "0.05": 76.3,
        "0.1": 72.18,
        "0.2": 26.78,
        "0.5": 1.6,
        "1.0": 1.28
      },
      "pgd_pe": {
        "0.001": 78.62,
        "0.005": 78.32,
        "0.01": 77.9,
        "0.05": 74.74,
        "0.1": 65.78,
        "0.2": 2.98,
        "0.5": 1.12,
        "1.0": 1.12
      },
      "vta": {
        "0.001": 78.72,
        "0.005": 78.64,
        "0.01": 78.58,
        "0.05": 78.08,
        "0.1": 77.54,
        "0.2": 76.72,
        "0.5": 71.3,
        "1.0": 31.08
      },
      "variance_gini": 0.4618590431963139
    }
  },
  "sinusoidal": {
    "42": {
      "clean_acc": 81.84,
      "fgsm_pe": {
        "0.001": 81.78,
        "0.005": 81.44,
        "0.01": 81.34,
        "0.05": 80.18,
        "0.1": 77.58,
        "0.2": 66.66,
        "0.5": 2.3,
        "1.0": 1.0
      },
      "pgd_pe": {
        "0.001": 81.78,
        "0.005": 81.44,
        "0.01": 81.34,
        "0.05": 79.84,
        "0.1": 77.14,
        "0.2": 54.94,
        "0.5": 1.18,
        "1.0": 1.0
      },
      "vta": {
        "0.001": 81.82,
        "0.005": 81.76,
        "0.01": 81.52,
        "0.05": 80.62,
        "0.1": 79.86,
        "0.2": 77.66,
        "0.5": 39.48,
        "1.0": 1.16
      },
      "variance_gini": 0.5226688096714112
    },
    "123": {
      "clean_acc": 81.3,
      "fgsm_pe": {
        "0.001": 81.22,
        "0.005": 80.94,
        "0.01": 80.78,
        "0.05": 79.78,
        "0.1": 78.08,
        "0.2": 68.1,
        "0.5": 2.64,
        "1.0": 1.18
      },
      "pgd_pe": {
        "0.001": 81.22,
        "0.005": 80.94,
        "0.01": 80.78,
        "0.05": 79.58,
        "0.1": 77.76,
        "0.2": 61.34,
        "0.5": 1.42,
        "1.0": 0.96
      },
      "vta": {
        "0.001": 81.28,
        "0.005": 81.12,
        "0.01": 81.04,
        "0.05": 80.38,
        "0.1": 79.5,
        "0.2": 77.78,
        "0.5": 37.92,
        "1.0": 1.3
      },
      "variance_gini": 0.5226688096714112
    },
    "456": {
      "clean_acc": 81.24,
      "fgsm_pe": {
        "0.001": 81.14,
        "0.005": 80.9,
        "0.01": 80.54,
        "0.05": 79.06,
        "0.1": 77.22,
        "0.2": 66.54,
        "0.5": 3.16,
        "1.0": 2.14
      },
      "pgd_pe": {
        "0.001": 81.14,
        "0.005": 80.9,
        "0.01": 80.46,
        "0.05": 79.04,
        "0.1": 76.8,
        "0.2": 52.18,
        "0.5": 1.02,
        "1.0": 1.0
      },
      "vta": {
        "0.001": 81.2,
        "0.005": 81.12,
        "0.01": 80.92,
        "0.05": 79.96,
        "0.1": 79.28,
        "0.2": 77.22,
        "0.5": 33.96,
        "1.0": 1.12
      },
      "variance_gini": 0.5226688096714112
    }
  },
  "rope": {
    "42": {
      "clean_acc": 84.96,
      "fgsm_pe": {
        "0.001": 84.96,
        "0.005": 84.94,
        "0.01": 84.88,
        "0.05": 84.74,
        "0.1": 84.52,
        "0.2": 84.18,
        "0.5": 83.78,
        "1.0": 83.04
      },
      "pgd_pe": {
        "0.001": 84.96,
        "0.005": 84.94,
        "0.01": 84.88,
        "0.05": 84.72,
        "0.1": 84.52,
        "0.2": 84.12,
        "0.5": 83.64,
        "1.0": 82.64
      },
      "vta": {
        "0.001": 84.96,
        "0.005": 84.94,
        "0.01": 84.84,
        "0.05": 84.68,
        "0.1": 84.52,
        "0.2": 84.18,
        "0.5": 83.38,
        "1.0": 82.58
      },
      "variance_gini": 0.5069889115513746
    },
    "123": {
      "clean_acc": 84.18,
      "fgsm_pe": {
        "0.001": 84.18,
        "0.005": 84.16,
        "0.01": 84.16,
        "0.05": 83.9,
        "0.1": 83.7,
        "0.2": 83.5,
        "0.5": 82.88,
        "1.0": 81.44
      },
      "pgd_pe": {
        "0.001": 84.18,
        "0.005": 84.16,
        "0.01": 84.16,
        "0.05": 83.9,
        "0.1": 83.68,
        "0.2": 83.52,
        "0.5": 82.7,
        "1.0": 79.6
      },
      "vta": {
        "0.001": 84.18,
        "0.005": 84.16,
        "0.01": 84.16,
        "0.05": 83.92,
        "0.1": 83.68,
        "0.2": 83.5,
        "0.5": 82.56,
        "1.0": 80.98
      },
      "variance_gini": 0.5069889115513746
    },
    "456": {
      "clean_acc": 84.36,
      "fgsm_pe": {
        "0.001": 84.36,
        "0.005": 84.36,
        "0.01": 84.34,
        "0.05": 84.24,
        "0.1": 84.12,
        "0.2": 83.94,
        "0.5": 83.46,
        "1.0": 82.2
      },
      "pgd_pe": {
        "0.001": 84.36,
        "0.005": 84.36,
        "0.01": 84.34,
        "0.05": 84.24,
        "0.1": 84.1,
        "0.2": 83.94,
        "0.5": 83.36,
        "1.0": 81.94
      },
      "vta": {
        "0.001": 84.36,
        "0.005": 84.36,
        "0.01": 84.32,
        "0.05": 84.24,
        "0.1": 84.12,
        "0.2": 83.94,
        "0.5": 83.12,
        "1.0": 82.02
      },
      "variance_gini": 0.5069889115513746
    }
  },
  "alibi": {
    "42": {
      "clean_acc": 81.16,
      "fgsm_pe": {
        "0.001": 81.12,
        "0.005": 81.2,
        "0.01": 81.2,
        "0.05": 80.82,
        "0.1": 79.56,
        "0.2": 72.76,
        "0.5": 64.3,
        "1.0": 50.7
      },
      "pgd_pe": {
        "0.001": 81.12,
        "0.005": 81.2,
        "0.01": 81.2,
        "0.05": 80.78,
        "0.1": 79.46,
        "0.2": 55.82,
        "0.5": 51.44,
        "1.0": 9.54
      },
      "vta": {
        "0.001": 81.14,
        "0.005": 81.32,
        "0.01": 81.16,
        "0.05": 77.82,
        "0.1": 68.92,
        "0.2": 55.38,
        "0.5": 26.86,
        "1.0": 9.54
      },
      "variance_gini": 0.9981357903422918
    },
    "123": {
      "clean_acc": 81.34,
      "fgsm_pe": {
        "0.001": 81.3,
        "0.005": 81.2,
        "0.01": 81.2,
        "0.05": 80.0,
        "0.1": 79.72,
        "0.2": 78.96,
        "0.5": 76.92,
        "1.0": 71.16
      },
      "pgd_pe": {
        "0.001": 81.3,
        "0.005": 81.2,
        "0.01": 81.2,
        "0.05": 80.0,
        "0.1": 75.94,
        "0.2": 72.96,
        "0.5": 66.12,
        "1.0": 9.78
      },
      "vta": {
        "0.001": 81.34,
        "0.005": 81.22,
        "0.01": 81.18,
        "0.05": 79.56,
        "0.1": 75.3,
        "0.2": 70.3,
        "0.5": 36.38,
        "1.0": 9.78
      },
      "variance_gini": 0.9981357903422918
    },
    "456": {
      "clean_acc": 80.64,
      "fgsm_pe": {
        "0.001": 80.56,
        "0.005": 80.42,
        "0.01": 80.38,
        "0.05": 79.86,
        "0.1": 79.4,
        "0.2": 79.1,