{
  "learned": {
    "42": {
      "clean_acc": 68.72,
      "fgsm_pe": {
        "0.001": 68.49,
        "0.005": 67.65,
        "0.01": 66.1,
        "0.05": 36.07,
        "0.1": 4.62,
        "0.2": 1.54,
        "0.5": 1.23,
        "1.0": 1.58
      },
      "pgd_pe": {
        "0.001": 68.48,
        "0.005": 67.48,
        "0.01": 65.5,
        "0.05": 4.49,
        "0.1": 1.39,
        "0.2": 1.07,
        "0.5": 1.0,
        "1.0": 1.0
      },
      "vta": {
        "0.001": 68.67,
        "0.005": 68.55,
        "0.01": 68.45,
        "0.05": 67.0,
        "0.1": 64.89,
        "0.2": 56.3,
        "0.5": 14.63,
        "1.0": 2.35
      },
      "variance_gini": 0.3145141488637029
    },
    "123": {
      "clean_acc": 68.07,
      "fgsm_pe": {
        "0.001": 67.86,
        "0.005": 66.77,
        "0.01": 65.55,
        "0.05": 32.14,
        "0.1": 5.25,
        "0.2": 1.11,
        "0.5": 1.16,
        "1.0": 1.03
      },
      "pgd_pe": {
        "0.001": 67.84,
        "0.005": 66.54,
        "0.01": 64.94,
        "0.05": 7.12,
        "0.1": 1.49,
        "0.2": 1.02,
        "0.5": 1.0,
        "1.0": 1.0
      },
      "vta": {
        "0.001": 68.07,
        "0.005": 67.86,
        "0.01": 67.57,
        "0.05": 64.96,
        "0.1": 58.33,
        "0.2": 33.48,
        "0.5": 2.99,
        "1.0": 1.27
      },
      "variance_gini": 0.3167520561320676
    },
    "456": {
      "clean_acc": 68.04,
      "fgsm_pe": {
        "0.001": 67.82,
        "0.005": 66.89,
        "0.01": 65.72,
        "0.05": 33.5,
        "0.1": 5.91,
        "0.2": 2.15,
        "0.5": 1.27,
        "1.0": 1.0
      },
      "pgd_pe": {
        "0.001": 67.83,
        "0.005": 66.74,
        "0.01": 64.99,
        "0.05": 9.09,
        "0.1": 1.21,
        "0.2": 1.0,
        "0.5": 1.0,
        "1.0": 1.0
      },
      "vta": {
        "0.001": 68.03,
        "0.005": 67.86,
        "0.01": 67.56,
        "0.05": 65.48,
        "0.1": 60.41,
        "0.2": 41.49,
        "0.5": 5.13,
        "1.0": 1.79
      },
      "variance_gini": 0.32707401425792426
    }
  },
  "sinusoidal": {
    "42": {
      "clean_acc": 67.4,
      "fgsm_pe": {
        "0.001": 67.3,
        "0.005": 67.1,
        "0.01": 66.53,
        "0.05": 61.27,
        "0.1": 45.89,
        "0.2": 4.62,
        "0.5": 1.74,
        "1.0": 1.45
      },
      "pgd_pe": {
        "0.001": 67.31,
        "0.005": 67.08,
        "0.01": 66.54,
        "0.05": 60.51,
        "0.1": 43.08,
        "0.2": 2.99,
        "0.5": 1.0,
        "1.0": 1.0
      },
      "vta": {
        "0.001": 67.38,
        "0.005": 67.29,
        "0.01": 67.11,
        "0.05": 66.24,
        "0.1": 64.92,
        "0.2": 61.85,
        "0.5": 39.78,
        "1.0": 2.01
      },
      "variance_gini": 0.6401944073685226
    },
    "123": {
      "clean_acc": 66.41,
      "fgsm_pe": {
        "0.001": 66.38,
        "0.005": 66.06,
        "0.01": 65.56,
        "0.05": 60.43,
        "0.1": 47.63,
        "0.2": 13.39,
        "0.5": 1.49,
        "1.0": 1.41
      },
      "pgd_pe": {
        "0.001": 66.38,
        "0.005": 66.05,
        "0.01": 65.53,
        "0.05": 59.98,
        "0.1": 44.9,
        "0.2": 5.91,
        "0.5": 1.0,
        "1.0": 1.0
      },
      "vta": {
        "0.001": 66.4,
        "0.005": 66.37,
        "0.01": 66.31,
        "0.05": 65.42,
        "0.1": 64.35,
        "0.2": 61.89,
        "0.5": 41.57,
        "1.0": 4.23
      },
      "variance_gini": 0.6401944073685226
    },
    "456": {
      "clean_acc": 66.95,
      "fgsm_pe": {
        "0.001": 66.85,
        "0.005": 66.5,
        "0.01": 66.0,
        "0.05": 60.19,
        "0.1": 45.91,
        "0.2": 9.12,
        "0.5": 1.22,
        "1.0": 1.0
      },
      "pgd_pe": {
        "0.001": 66.84,
        "0.005": 66.49,
        "0.01": 65.99,
        "0.05": 59.66,
        "0.1": 41.35,
        "0.2": 3.98,
        "0.5": 1.12,
        "1.0": 1.0
      },
      "vta": {
        "0.001": 66.94,
        "0.005": 66.85,
        "0.01": 66.78,
        "0.05": 65.93,
        "0.1": 64.58,
        "0.2": 61.56,
        "0.5": 41.51,
        "1.0": 2.79
      },
      "variance_gini": 0.6401944073685226
    }
  },
  "rope": {
    "42": {
      "clean_acc": 73.1,
      "fgsm_pe": {
        "0.001": 73.08,
        "0.005": 73.08,
        "0.01": 73.06,
        "0.05": 72.93,
        "0.1": 72.81,
        "0.2": 72.5,
        "0.5": 71.66,
        "1.0": 70.7
      },
      "pgd_pe": {
        "0.001": 73.08,
        "0.005": 73.08,
        "0.01": 73.07,
        "0.05": 72.93,
        "0.1": 72.81,
        "0.2": 72.42,
        "0.5": 71.7,
        "1.0": 70.28
      },
      "vta": {
        "0.001": 73.09,
        "0.005": 73.07,
        "0.01": 73.06,
        "0.05": 72.95,
        "0.1": 72.79,
        "0.2": 72.47,
        "0.5": 71.62,
        "1.0": 70.33
      },
      "variance_gini": 0.6248978116770882
    },
    "123": {
      "clean_acc": 73.35,
      "fgsm_pe": {
        "0.001": 73.36,
        "0.005": 73.35,
        "0.01": 73.32,
        "0.05": 73.19,
        "0.1": 73.07,
        "0.2": 72.66,
        "0.5": 71.67,
        "1.0": 70.43
      },
      "pgd_pe": {
        "0.001": 73.36,
        "0.005": 73.35,
        "0.01": 73.32,
        "0.05": 73.2,
        "0.1": 73.02,
        "0.2": 72.67,
        "0.5": 71.69,
        "1.0": 70.32
      },
      "vta": {
        "0.001": 73.36,
        "0.005": 73.35,
        "0.01": 73.35,
        "0.05": 73.22,
        "0.1": 73.04,
        "0.2": 72.65,
        "0.5": 71.65,
        "1.0": 70.14
      },
      "variance_gini": 0.6248978116770882
    },
    "456": {
      "clean_acc": 73.45,
      "fgsm_pe": {
        "0.001": 73.45,
        "0.005": 73.45,
        "0.01": 73.46,
        "0.05": 73.32,
        "0.1": 73.22,
        "0.2": 72.81,
        "0.5": 71.9,
        "1.0": 70.7
      },
      "pgd_pe": {
        "0.001": 73.45,
        "0.005": 73.45,
        "0.01": 73.45,
        "0.05": 73.32,
        "0.1": 73.21,
        "0.2": 72.79,
        "0.5": 71.8,
        "1.0": 70.32
      },
      "vta": {
        "0.001": 73.45,
        "0.005": 73.47,
        "0.01": 73.45,
        "0.05": 73.3,
        "0.1": 73.16,
        "0.2": 72.74,
        "0.5": 71.78,
        "1.0": 70.31
      },
      "variance_gini": 0.6248978116770882
    }
  },
  "alibi": {
    "42": {
      "clean_acc": 67.39,
      "fgsm_pe": {
        "0.001": 67.41,
        "0.005": 67.38,
        "0.01": 67.34,
        "0.05": 66.83,
        "0.1": 65.9,
        "0.2": 63.55,
        "0.5": 56.52,
        "1.0": 46.06
      },
      "pgd_pe": {
        "0.001": 67.41,
        "0.005": 67.38,
        "0.01": 67.34,
        "0.05": 66.83,
        "0.1": 65.9,
        "0.2": 41.49,
        "0.5": 33.13,
        "1.0": 24.18
      },
      "vta": {
        "0.001": 67.36,
        "0.005": 67.33,
        "0.01": 67.26,
        "0.05": 66.45,
        "0.1": 60.98,
        "0.2": 40.61,
        "0.5": 31.23,
        "1.0": 24.18
      },
      "variance_gini": 0.9981339306849271
    },
    "123": {
      "clean_acc": 68.16,
      "fgsm_pe": {
        "0.001": 68.17,
        "0.005": 68.19,
        "0.01": 68.09,
        "0.05": 67.84,
        "0.1": 67.24,
        "0.2": 65.93,
        "0.5": 60.3,
        "1.0": 46.94
      },
      "pgd_pe": {
        "0.001": 68.17,
        "0.005": 68.19,
        "0.01": 68.09,
        "0.05": 67.84,
        "0.1": 65.21,
        "0.2": 51.46,
        "0.5": 33.86,
        "1.0": 22.45
      },
      "vta": {
        "0.001": 68.18,
        "0.005": 68.11,
        "0.01": 68.02,
        "0.05": 67.21,
        "0.1": 63.26,
        "0.2": 46.52,
        "0.5": 33.86,
        "1.0": 22.45
      },
      "variance_gini": 0.9981339306849271
    },
    "456": {
      "clean_acc": 67.42,
      "fgsm_pe": {
        "0.001": 67.42,
        "0.005": 67.28,
        "0.01": 67.23,
        "0.05": 66.58,
        "0.1": 64.65,
        "0.2": 58.89,