{
  "learned": {
    "42": {
      "noise_ablation": {
        "noise_levels": [
          0.0,
          0.1,
          0.2,
          0.5,
          1.0,
          2.0,
          3.0,
          5.0
        ],
        "accuracies": [
          79.68,
          79.76,
          79.62,
          79.72,
          79.46,
          78.48,
          74.38,
          40.62
        ],
        "accuracy_no_pe": 73.04
      },
      "probe": {
        "row": {
          "mean": 74.46153846153847,
          "std": 6.767676589260972
        },
        "column": {
          "mean": 38.256410256410255,
          "std": 7.720290981152332
        },
        "position": {
          "mean": 87.75510204081633,
          "std": 0.0
        }
      }
    },
    "123": {
      "noise_ablation": {
        "noise_levels": [
          0.0,
          0.1,
          0.2,
          0.5,
          1.0,
          2.0,
          3.0,
          5.0
        ],
        "accuracies": [
          79.9,
          79.84,
          79.86,
          79.7,
          79.38,
          77.94,
          75.84,
          54.06
        ],
        "accuracy_no_pe": 72.44
      },
      "probe": {
        "row": {
          "mean": 77.52564102564101,
          "std": 7.202755335157922
        },
        "column": {
          "mean": 29.56410256410257,
          "std": 5.078994656353129
        },
        "position": {
          "mean": 84.6938775510204,
          "std": 0.0
        }
      }
    },
    "456": {
      "noise_ablation": {
        "noise_levels": [
          0.0,
          0.1,
          0.2,
          0.5,
          1.0,
          2.0,
          3.0,
          5.0
        ],
        "accuracies": [
          78.74,
          78.76,
          78.74,
          78.54,
          78.78,
          77.3,
          75.5,
          61.0
        ],
        "accuracy_no_pe": 70.7
      },
      "probe": {
        "row": {
          "mean": 76.51282051282051,
          "std": 6.8141477915376765
        },
        "column": {
          "mean": 25.999999999999996,
          "std": 6.8603042084884684
        },
        "position": {
          "mean": 82.14285714285714,
          "std": 0.0
        }
      }
    }
  },
  "sinusoidal": {
    "42": {
      "noise_ablation": {
        "noise_levels": [
          0.0,
          0.1,
          0.2,
          0.5,
          1.0,
          2.0,
          3.0,
          5.0
        ],
        "accuracies": [
          81.84,
          81.46,
          81.26,
          78.22,
          41.46,
          2.22,
          1.22,
          1.0
        ],
        "accuracy_no_pe": 1.3
      },
      "probe": {
        "row": {
          "mean": 89.32051282051283,
          "std": 5.1082303289903725
        },
        "column": {
          "mean": 0.0,
          "std": 0.0
        },
        "position": {
          "mean": 100.0,
          "std": 0.0
        }
      }
    },
    "123": {
      "noise_ablation": {
        "noise_levels": [
          0.0,
          0.1,
          0.2,
          0.5,
          1.0,
          2.0,
          3.0,
          5.0
        ],
        "accuracies": [
          81.3,
          81.28,
          80.72,
          78.26,
          45.42,
          1.7,
          2.4,
          1.64
        ],
        "accuracy_no_pe": 1.04
      },
      "probe": {
        "row": {
          "mean": 89.32051282051283,
          "std": 5.1082303289903725
        },
        "column": {
          "mean": 0.0,
          "std": 0.0
        },
        "position": {
          "mean": 100.0,
          "std": 0.0
        }
      }
    },
    "456": {
      "noise_ablation": {
        "noise_levels": [
          0.0,
          0.1,
          0.2,
          0.5,
          1.0,
          2.0,
          3.0,
          5.0
        ],
        "accuracies": [
          81.24,
          81.14,
          80.76,
          78.66,
          56.24,
          2.26,
          2.42,
          1.0
        ],
        "accuracy_no_pe": 1.7
      },
      "probe": {
        "row": {
          "mean": 89.32051282051283,
          "std": 5.1082303289903725
        },
        "column": {
          "mean": 0.0,
          "std": 0.0
        },
        "position": {
          "mean": 100.0,
          "std": 0.0
        }
      }
    }
  },
  "rope": {
    "42": {
      "noise_ablation": {
        "noise_levels": [
          0.0,
          0.1,
          0.2,
          0.5,
          1.0,
          2.0,
          3.0,
          5.0
        ],
        "accuracies": [
          84.96,
          84.88,
          84.18,
          79.12,
          24.34,
          2.98,
          1.92,
          1.66
        ],
        "accuracy_no_pe": 42.1
      },
      "probe": {
        "row": {
          "mean": 94.93589743589745,
          "std": 3.848290005077854
        },
        "column": {
          "mean": 0.0,
          "std": 0.0
        },
        "position": {
          "mean": 100.0,
          "std": 0.0
        }
      }
    },
    "123": {
      "noise_ablation": {
        "noise_levels": [
          0.0,
          0.1,
          0.2,
          0.5,
          1.0,
          2.0,
          3.0,
          5.0
        ],
        "accuracies": [
          84.18,
          84.02,
          83.82,
          79.64,
          37.32,
          4.4,
          2.36,
          2.12
        ],
        "accuracy_no_pe": 43.48
      },
      "probe": {
        "row": {
          "mean": 94.93589743589745,
          "std": 3.848290005077854
        },
        "column": {
          "mean": 0.0,
          "std": 0.0
        },
        "position": {
          "mean": 100.0,
          "std": 0.0
        }
      }
    },
    "456": {
      "noise_ablation": {
        "noise_levels": [
          0.0,
          0.1,
          0.2,
          0.5,
          1.0,
          2.0,
          3.0,
          5.0
        ],
        "accuracies": [
          84.36,
          84.3,
          83.74,
          79.42,
          37.38,
          3.32,
          2.58,
          1.68
        ],
        "accuracy_no_pe": 45.08
      },
      "probe": {
        "row": {
          "mean": 94.93589743589745,
          "std": 3.848290005077854
        },
        "column": {
          "mean": 0.0,
          "std": 0.0
        },
        "position": {
          "mean": 100.0,
          "std": 0.0
        }
      }
    }
  },
  "alibi": {
    "42": {
      "noise_ablation": {
        "noise_levels": [
          0.0,
          0.1,
          0.2,
          0.5,
          1.0,
          2.0,
          3.0,
          5.0
        ],
        "accuracies": [
          81.16,
          74.68,
          66.96,
          37.4,
          12.22,
          4.3,
          3.04,
          2.02
        ],
        "accuracy_no_pe": 57.5
      },
      "probe": {
        "row": {
          "mean": 91.85897435897436,
          "std": 4.031842357311892
        },
        "column": {
          "mean": 0.0,
          "std": 0.0
        },
        "position": {
          "mean": 100.0,
          "std": 0.0
        }
      }
    },
    "123": {
      "noise_ablation": {
        "noise_levels": [
          0.0,
          0.1,
          0.2,
          0.5,
          1.0,
          2.0,
          3.0,
          5.0
        ],
        "accuracies": [
          81.34,
          76.24,
          64.16,
          37.54,
          13.76,
          5.62,
          4.22,
          2.6
        ],
        "accuracy_no_pe": 59.62
      },
      "probe": {
        "row": {
          "mean": 91.85897435897436,
          "std": 4.031842357311892
        },
        "column": {
          "mean": 0.0,
          "std": 0.0
        },
        "position": {
          "mean": 100.0,
          "std": 0.0
        }
      }
    },
    "456": {
      "noise_ablation": {
        "noise_levels": [
          0.0,
          0.1,
          0.2,
          0.5,
          1.0,
          2.0,
          3.0,
          5.0
        ],